date,weight,chest,backs,abs,shoulders,triceps,biceps,legs,cardio
07/21/2023,142,719,2529,3422,5872,4260,2089,2416,6898
08/10/2023,149,3865,3875,3653,404,782,2951,2585,3448
07/31/2023,145,5494,6148,4549,3511,2295,5430,4032,1774
07/07/2023,149,5005,5197,4077,1157,4855,1356,6339,1660
08/24/2023,149,5589,3001,3686,5982,3927,6808,6277,1687
08/01/2023,146,4311,4141,5511,7054,2560,3454,2190,3747
08/06/2023,150,6090,6123,2474,3398,6151,4736,6142,4225
09/03/2023,143,2754,2845,6284,872,4459,4739,5915,6982
06/27/2023,149,2294,6073,2071,2987,1557,4433,3776,2723
09/02/2023,141,1766,5286,2571,6051,2357,3899,3330,2026
07/13/2023,145,1488,7124,4358,686,822,6736,3645,4006
07/16/2023,145,2025,6757,5576,6668,4307,2854,6610,2791
09/22/2023,149,1917,4719,3492,7179,511,6079,5707,1000
08/27/2023,150,1313,350,6811,4106,6355,1670,6322,246
08/20/2023,144,2329,4826,4449,5371,848,3412,1985,6957
08/31/2023,147,2969,4414,6392,3506,929,1465,585,2108
09/01/2023,140,2665,5668,726,3899,6254,394,5708,4462
06/27/2023,145,5308,2581,1969,1541,6738,1665,595,2311
08/18/2023,150,4228,4208,4183,3884,808,4973,2932,5892
08/11/2023,145,5301,5172,4071,3014,3173,5807,6196,992
08/05/2023,149,6621,1879,3714,3235,2337,3887,223,202
08/08/2023,141,4904,2673,3518,4706,2246,6088,3910,771
09/11/2023,147,5040,6568,6191,4979,2617,3743,6653,4104
06/26/2023,142,2281,4141,3379,1134,5255,4475,4450,624
06/27/2023,144,5729,1416,4724,1165,334,2193,6544,6601
09/21/2023,140,4328,5175,4913,3126,4668,5268,3471,4277
08/17/2023,147,6557,4901,5655,3298,1066,6712,2181,535
09/10/2023,143,6370,576,1951,5574,6152,4776,1621,5194
09/05/2023,140,6242,647,1147,5839,2635,5701,3179,3939
09/03/2023,140,2789,4147,6818,5992,3428,7070,4384,2759
07/20/2023,142,3687,1392,1855,7131,5422,7186,6081,2628
09/27/2023,149,5473,6111,4634,3424,1225,4482,716,147
06/29/2023,146,5903,4764,3846,4845,4376,3390,6694,3922
08/26/2023,146,3761,1786,170,3461,2612,6579,1256,3934
07/01/2023,148,6420,4928,1543,1975,953,1121,216,3955
08/07/2023,142,4966,2485,3762,5257,883,743,4795,6935
09/07/2023,140,6507,6338,3695,5408,7054,1365,2240,4349
08/15/2023,140,6511,1569,5835,6283,4270,3417,3231,2588
07/29/2023,148,3337,1669,391,3575,5117,3502,239,986
07/27/2023,146,6250,1437,2754,3673,3184,665,2659,3459
07/07/2023,144,2691,3727,3433,6715,4253,2565,3363,5244
07/18/2023,147,1834,4684,6765,7107,3705,3948,3838,3380
08/18/2023,147,5606,6250,3155,624,885,2488,145,1872
08/04/2023,142,4095,3630,2037,2836,1896,4024,1282,513
08/01/2023,147,2158,2691,2964,2171,6391,4717,238,3314
08/06/2023,145,5654,2142,3388,4345,5382,3463,2394,5416
07/01/2023,150,7005,5763,3331,5263,135,2270,2880,1537
07/06/2023,150,3513,688,5864,6375,6185,4334,72,4030
07/04/2023,145,5917,1026,2797,2245,6878,527,5524,2197
07/17/2023,149,6306,5629,6687,7139,3661,3570,1218,6769
09/17/2023,142,3595,136,1925,2402,3754,4276,6229,2213
07/05/2023,143,2617,5728,5806,1149,3640,3135,4148,3833
07/26/2023,149,2682,4738,6570,3206,3208,2397,2767,1933
08/23/2023,143,3230,4465,6484,933,873,1790,4439,3517
07/15/2023,146,4868,2281,1891,249,5077,1823,2574,5865
09/29/2023,148,4203,1323,6053,947,319,4768,4598,5615
07/21/2023,149,3002,1415,1256,6575,5652,2895,1600,2804
09/11/2023,145,4759,4017,5134,5010,5840,6359,1332,2245
09/01/2023,142,1994,623,6425,6137,795,2574,6208,3585
07/24/2023,145,7061,4316,255,943,4675,6633,5690,4050
09/27/2023,150,133,3828,4991,1796,4066,4900,4711,3738
06/29/2023,148,5372,4843,3881,7171,6108,5192,502,4211
08/15/2023,140,1919,1307,3355,5423,3745,5812,361,2235
07/07/2023,150,5106,4791,3206,6726,4662,6760,4059,4359
07/31/2023,142,4875,5200,3332,4389,2898,5967,3249,6380
07/14/2023,150,4817,958,1139,2086,1428,290,5699,2826
09/06/2023,146,4261,3084,6288,80,1882,6248,3933,1233
07/29/2023,143,5692,150,2206,379,1294,1014,5447,817
09/09/2023,144,6577,4037,194,2166,5690,3067,1908,3078
09/29/2023,144,1880,6294,5336,2474,624,6685,7113,1632
08/15/2023,146,4946,5896,4256,1608,1192,4415,3703,4034
07/13/2023,140,3338,6487,4503,5600,2294,3884,6964,3590
07/01/2023,146,6398,6573,3871,5772,2831,6807,4493,5345
07/14/2023,148,915,6252,5410,3457,978,2054,1241,4184
07/11/2023,147,4828,1776,2847,143,4148,476,4546,4077
07/13/2023,142,882,3589,4633,4694,5349,3255,5779,3013
07/12/2023,148,1131,2282,642,3233,4223,2046,243,6233
07/28/2023,150,727,565,4736,4696,1617,1788,5393,527
08/24/2023,146,1395,1844,3627,1754,1818,461,5031,2583
07/28/2023,145,6119,961,5504,4308,2057,4497,3807,4405
08/07/2023,140,2180,198,1706,4079,5588,362,840,1527
09/25/2023,149,7173,4389,1855,6456,6594,1421,146,2124
08/24/2023,149,6276,1517,3704,1628,6712,3362,1827,2208
08/26/2023,144,4376,2514,2873,949,4075,6822,2894,2250
09/12/2023,143,5764,941,6491,6598,3647,1714,621,4337
08/13/2023,143,6290,695,6261,4189,6950,6576,162,1932
07/23/2023,150,679,653,1216,4787,5426,1055,3546,1598
07/22/2023,150,6575,3370,332,6241,5288,4292,5335,3857
07/07/2023,148,1562,214,3465,3804,4735,3203,1803,1180
08/08/2023,147,7184,3933,1414,5073,5346,2454,3642,3977
08/11/2023,148,4820,5967,6830,5387,2730,3339,1435,1301
09/02/2023,144,3556,3398,1404,1051,5523,4760,5058,2827
09/15/2023,148,1298,4753,2624,2047,6164,4547,4142,3536
09/06/2023,148,3192,3823,7157,5459,4679,3914,680,3382
09/20/2023,140,6116,6057,4816,4396,3739,2098,3337,6709
08/13/2023,141,511,1245,2790,6102,7041,326,3512,6042
08/07/2023,144,2421,6714,5746,3777,5610,5726,4657,5224
08/04/2023,150,5046,3628,667,5490,748,1558,5192,2667
07/14/2023,143,5314,372,1665,6402,6870,3892,1401,4080
07/24/2023,143,3250,4749,7162,3889,2605,2975,2152,3421
09/17/2023,145,216,1774,4604,316,5876,2060,6165,6185
08/31/2023,147,1216,1572,3006,4230,355,4735,6827,1499
07/24/2023,144,1524,1359,5286,4292,3224,5406,4685,6900
09/03/2023,143,6053,5290,7187,2321,6601,1130,2534,2897
07/19/2023,146,6788,3815,4794,175,2093,4376,6336,3709
09/10/2023,143,952,1896,3692,3886,279,6081,2142,759
06/30/2023,143,6751,3305,4766,1062,2664,5080,5958,3726
08/13/2023,141,185,405,3187,5068,5545,6883,5987,4885
09/09/2023,141,972,3640,2934,4583,643,7042,2650,568
07/01/2023,145,4923,5637,6252,2381,3652,343,6148,4281
08/10/2023,147,3127,6870,6232,2524,5486,271,6548,5107
09/25/2023,141,6577,1080,2270,4925,4654,6364,771,6879
08/22/2023,140,5592,4325,5686,2250,6303,7145,633,6959
07/08/2023,146,6103,4388,5375,106,549,2220,2589,6438
08/16/2023,149,4216,3056,176,489,4491,4252,886,5576
07/27/2023,146,623,5388,815,1946,5778,6078,6117,2692
09/28/2023,140,4489,4641,5131,2736,5790,4844,1938,7004
07/19/2023,146,3737,444,3977,1873,6291,6304,5071,4598
07/20/2023,150,5846,1832,7092,6012,5782,1338,4289,4909
06/29/2023,143,5350,3485,1682,2793,4722,2659,2049,4584
07/07/2023,143,5869,2185,2318,4778,2596,1577,1967,798
08/18/2023,143,2017,2688,6073,6277,6357,1184,3263,3282
09/27/2023,145,3111,635,2346,2905,5746,3444,5526,2793
09/07/2023,145,3926,4297,4977,3087,3817,5620,2070,559
07/03/2023,140,6804,4394,6255,6929,6050,4014,2856,2503
08/04/2023,142,3349,2933,3482,3371,6089,2638,4661,3675
09/11/2023,144,4797,1007,1318,5331,4762,4692,1315,834
08/18/2023,145,4607,2117,4464,1764,1622,2160,4923,6760
09/14/2023,145,1401,5911,2176,3024,5475,3646,2098,2080
07/28/2023,147,5619,5222,523,1698,606,6294,3350,2082
09/18/2023,146,7139,1718,3830,822,884,6122,3962,6871
08/20/2023,145,7051,5724,214,4984,5304,4449,6301,4406
09/19/2023,144,2662,3399,5160,6803,6450,465,651,1626
07/23/2023,140,4504,5423,912,6579,5645,5490,5182,2367
09/10/2023,144,562,4763,2889,4709,5546,3210,1462,3705
09/20/2023,148,3484,6393,958,4369,3607,4167,1330,2576
08/16/2023,145,1053,295,3934,4883,2803,6654,187,5391
08/21/2023,146,7087,3006,5434,729,222,6745,3833,6335
06/30/2023,146,6985,76,2436,6878,6052,165,844,2899
09/17/2023,140,96,994,3373,6746,3610,1690,1470,6036
08/14/2023,147,3525,4929,4098,6012,5971,5035,4404,3183
08/19/2023,142,6540,6157,4403,6117,4158,2418,2528,1477
08/31/2023,140,5824,6338,2300,2570,1618,241,1947,6737
07/04/2023,141,6901,3064,3614,123,2867,6165,3296,4235
07/07/2023,140,6669,780,3929,6191,2349,5359,701,2115
07/29/2023,142,3154,883,6766,2351,1374,1569,499,4961
07/22/2023,147,4521,1664,6396,5781,6538,2445,6709,4259
06/26/2023,148,3562,6217,3746,4655,6649,1795,5291,4167
09/03/2023,146,4728,1674,4745,6150,6879,6872,4654,4226
09/22/2023,150,4268,4815,7102,6210,7144,2724,5397,4190
08/23/2023,147,4711,6106,1774,809,4917,6597,3940,4270
08/26/2023,149,5201,1314,6600,4071,2486,4385,886,6081
07/15/2023,141,1391,6891,539,4023,1142,355,1569,6565
09/06/2023,150,973,2311,5985,4143,3466,615,6075,4712
07/03/2023,140,7181,2191,438,1908,494,7134,6196,4673
08/03/2023,150,5694,6230,4762,6666,2068,3710,6251,6700
08/03/2023,141,1277,2446,460,2550,163,6057,6137,4139
08/12/2023,149,2428,3054,1382,5984,3293,2315,876,5109
07/19/2023,141,5158,6052,2714,6497,6345,5506,6568,3138
08/22/2023,150,1503,5244,4961,2734,3152,509,4911,6306
08/31/2023,145,7191,2628,4705,4622,3070,6229,5014,5870
08/15/2023,143,7074,1324,6789,3777,1731,3785,5234,5487
06/30/2023,150,6294,414,2595,5043,1096,1906,4948,6458
07/22/2023,142,585,6436,5029,4085,2352,3110,4595,7033
09/15/2023,150,3245,3099,2180,987,898,1660,2359,5117
07/18/2023,142,5041,5963,3917,5971,2074,831,6163,6486
08/07/2023,149,3857,6916,5612,6766,2499,5451,5512,187
08/27/2023,145,1164,5129,3284,6292,3864,4887,3792,2231
06/27/2023,143,5097,3536,4625,2633,4139,5300,934,5467
08/03/2023,143,4196,79,2801,977,975,5248,4513,4056
08/07/2023,149,5581,942,5991,1626,4571,4439,1910,3961
09/22/2023,140,4524,744,7129,3914,989,4628,7020,2533
07/25/2023,145,2328,922,6264,1560,6144,2177,3847,5488
07/30/2023,143,5647,5888,6690,4538,5651,7070,1862,2148
08/04/2023,146,6312,3253,5552,477,3067,2842,1354,5187
06/30/2023,143,277,5598,4255,5242,4735,5315,3082,5436
06/27/2023,150,1515,4683,3112,826,4007,6375,1454,5559
08/10/2023,141,954,6088,1618,5131,5592,5537,3339,6516
09/23/2023,143,2151,330,587,5821,3882,1296,1783,1366
07/22/2023,146,2967,2218,272,838,1433,710,4482,5549
07/03/2023,143,526,4694,1530,3843,5641,5519,3783,3199
09/28/2023,144,5488,5560,2672,1693,305,6967,4701,5700
07/10/2023,148,4046,1830,5597,3330,1838,6700,7144,1628
08/08/2023,147,5331,6659,2423,3983,6342,5830,4705,3186
07/24/2023,145,5778,2564,1990,3204,6254,3164,7022,7108
08/28/2023,147,3139,3337,5292,932,220,3694,3618,4805
06/27/2023,140,1130,2783,3764,869,6608,2136,3653,5747
09/21/2023,145,2454,261,2788,2880,1022,1658,4321,2453
07/16/2023,149,1404,6134,5352,5642,6173,4406,1666,1817
09/28/2023,144,6402,3495,3700,2072,5187,7160,5093,1205
08/16/2023,150,3057,6250,5734,3166,6815,7076,4932,3519
08/14/2023,146,7078,4989,442,3091,6170,1009,2521,5302
07/12/2023,150,955,6274,5372,6286,6671,6361,4254,4455
09/12/2023,143,350,2922,1455,450,5857,6145,756,3808
07/21/2023,141,5343,4020,208,3824,5313,3022,6653,5448
08/09/2023,146,4072,755,1143,2236,4296,3654,1231,6312
09/07/2023,150,5794,1859,6917,2904,1969,6200,3142,260
08/02/2023,150,781,6713,984,513,1960,5821,1992,207
06/29/2023,144,829,6566,5910,3930,3059,6080,7144,3442
07/16/2023,143,5289,7163,2566,3408,1725,2173,5874,2248
08/16/2023,147,2381,2156,5555,3853,3034,4227,2647,3173
09/14/2023,148,3430,5047,2389,5684,3287,2964,5660,5398
08/13/2023,142,4567,3911,3712,657,3493,4893,851,4490
08/17/2023,150,2913,1279,5785,3212,3549,2378,3484,5315
08/26/2023,144,3707,4142,5559,3684,1042,5964,3731,1077
07/13/2023,149,2907,4752,4370,4577,3690,3323,6867,1790
08/24/2023,146,5627,3413,5149,6449,6080,1094,2851,4023
09/13/2023,146,1085,3363,633,3048,4681,1099,1671,3433
09/15/2023,141,6537,4690,3731,4305,1567,6985,2027,2888
07/31/2023,142,5654,2549,4111,6519,6907,4754,1224,1519
07/30/2023,149,739,417,6025,2586,2139,5211,3797,4918
07/29/2023,140,583,3591,1576,887,2601,6071,6913,3123
08/14/2023,142,5735,743,1370,5366,571,3604,3863,666
07/22/2023,141,259,6670,2686,6907,1023,523,2824,2812
08/05/2023,142,1447,6702,6712,6985,579,1965,3631,1939
09/27/2023,142,1206,4757,448,2513,3302,4642,5907,861
09/08/2023,142,6015,2221,4906,1621,2961,2777,1721,4872
07/16/2023,149,5784,5407,4899,298,3035,1575,1636,424
08/14/2023,148,5847,299,4269,4119,5405,6751,4705,5236
09/10/2023,147,104,6050,6495,4829,1714,6040,5866,170
07/06/2023,144,3319,3990,4503,6099,4895,4842,2070,1936
08/24/2023,144,411,5400,3549,2484,5191,4523,6118,6825
09/22/2023,142,3749,245,2912,3742,6061,2072,6958,479
08/28/2023,148,4825,6382,6436,916,7057,2022,2636,761
08/24/2023,147,4686,5466,5419,720,2405,4253,6872,4992
08/26/2023,146,3141,1545,1582,6955,805,4566,394,1483
09/04/2023,140,3616,5013,400,6328,1623,3589,2651,5267
08/09/2023,146,1661,5450,4557,2361,820,6660,3636,4739
09/08/2023,148,1072,3520,5921,4084,1689,1861,3435,6391
09/16/2023,149,490,722,264,3249,909,1174,3135,3683
07/21/2023,150,3418,6927,4429,4689,491,2399,1931,4584
08/18/2023,141,799,613,928,3232,3988,6599,5938,1858
08/06/2023,141,3162,3671,5895,3243,424,5301,5111,6644
07/14/2023,142,1110,4258,4980,1485,3840,4626,2606,2488
08/20/2023,147,4265,2250,6460,3771,4078,6032,4529,6956
08/09/2023,140,4260,681,2731,6707,1108,6485,3387,7007
09/11/2023,147,3393,1128,418,4926,6311,5770,3300,124
09/13/2023,143,3909,5272,3554,1130,2851,2479,4447,2404
06/28/2023,148,4427,6248,5409,3183,6859,3444,4268,4360
09/04/2023,150,1534,5034,2833,4075,4050,4579,7187,5450
08/25/2023,144,2280,6168,5263,3054,1574,3776,5400,6362
07/05/2023,144,2730,826,1835,4244,3692,3034,269,1863
07/18/2023,142,4109,2981,4612,5189,2490,64,5445,3181
07/09/2023,141,1190,4127,2273,3325,4066,3469,651,3475
07/31/2023,145,3324,3366,6206,574,6298,2186,6064,7163
09/18/2023,141,4384,139,207,2514,2204,3811,5440,4699
09/05/2023,146,1052,5839,5089,76,1150,5086,2585,1833
08/06/2023,148,811,4850,1508,2481,1200,3747,262,4700
08/17/2023,142,421,4815,4689,5160,5664,2877,1986,5707
08/10/2023,148,104,2995,3465,2983,6952,5968,5434,3239
08/24/2023,140,6379,4706,2799,5358,1914,3828,3360,143
08/25/2023,149,1848,2827,3549,6629,5927,1637,2426,6155
07/27/2023,144,1624,4711,2513,3378,4778,6904,5586,4383
07/10/2023,149,5730,5586,1732,875,6900,1346,2064,209
08/12/2023,145,858,4110,3933,6967,5562,863,3087,7116
07/15/2023,146,1342,591,222,1144,1752,2643,1098,5208
07/11/2023,146,6077,3018,5509,7176,1848,5709,6093,6908
09/15/2023,142,6281,4721,4432,2769,4845,1591,1098,4949
09/03/2023,146,7037,826,3801,5658,4749,3512,854,1660
06/30/2023,144,4894,4015,6847,6586,1490,646,2437,6130
09/16/2023,148,2169,3180,3268,5237,6388,120,1713,4027
08/18/2023,145,1757,6704,2133,392,4303,4931,4852,6457
08/25/2023,147,3005,6271,4269,1864,1649,2239,6220,6966
08/22/2023,142,3398,1661,158,2171,2459,3395,4003,1242
09/03/2023,142,6761,3792,3078,3581,2030,5535,5719,3912
09/27/2023,148,3847,1833,5557,287,99,213,5249,4291
08/24/2023,147,2178,939,1316,2726,2132,3971,2478,6014
09/11/2023,146,2488,5813,1615,6089,1501,3963,6286,679
09/11/2023,142,6821,1880,4126,4093,67,4650,2061,1336
08/21/2023,145,5640,1934,387,6579,6425,3592,5079,3016
06/27/2023,141,3943,3321,2348,5059,2947,3815,2388,5750
07/30/2023,142,2434,2864,2802,3871,5397,1198,4167,428
07/12/2023,143,6173,141,1742,4295,2456,4370,3365,478
08/24/2023,149,5136,5521,3702,931,2053,108,1805,6219
09/17/2023,150,1821,6282,2019,3882,2471,2732,2731,6593
09/10/2023,149,1784,5156,2560,6631,2798,904,385,4911
09/27/2023,140,2862,5684,2665,6187,2301,7137,3290,3684
08/26/2023,143,5379,1085,3590,218,6753,1353,1303,1947
06/26/2023,145,6025,5579,6702,1381,1401,2268,3196,4135
08/03/2023,140,1769,4351,7037,6973,4282,639,3077,1704
09/13/2023,144,5002,6299,3962,6637,1795,1767,6304,2871
09/22/2023,143,3327,5870,2365,4434,2106,2932,6916,4609
08/14/2023,140,5715,1183,6461,5740,1225,482,6209,5400
07/24/2023,148,3030,429,6669,2284,6531,5904,5121,5884
07/02/2023,150,4647,1365,4048,4869,6577,469,2470,1422
07/29/2023,146,5715,3728,4090,2992,5105,4535,6302,2766
08/15/2023,141,7043,4349,3650,1260,3027,1405,2289,999
09/15/2023,150,3105,6417,6845,1282,919,1701,2288,5196
09/12/2023,149,1167,5073,1511,649,6033,1487,4752,2050
08/11/2023,145,1592,4045,413,3479,2884,2117,4471,1684
08/21/2023,150,6237,5870,3888,5327,5847,5639,1862,6045
08/04/2023,143,5631,1094,5158,1430,4916,2156,6664,2973
09/08/2023,150,2874,6442,969,888,2694,1866,3388,2157
09/02/2023,142,2074,7054,1514,4583,3606,5066,5879,1518
07/11/2023,142,6746,3380,3371,6865,1024,4012,2999,3601
08/12/2023,142,1406,4379,1084,1677,6294,2738,1603,5200
09/01/2023,150,4094,5798,3395,6621,6665,1612,6614,7044
07/04/2023,140,7143,4293,5808,630,241,4387,2618,1964
09/03/2023,149,4511,2801,4144,2114,6642,3103,5492,3598
08/09/2023,148,5522,208,5184,6335,5726,4458,2404,2107
07/24/2023,148,1771,1378,3993,3376,1562,994,4328,2905
08/24/2023,146,4002,6605,1712,3305,170,5658,6627,1822
07/20/2023,144,407,4821,5429,889,1409,5001,5469,1213
07/14/2023,142,4004,3956,773,5602,4134,2824,2907,5351
08/27/2023,143,6716,3218,6044,6690,4482,5583,1423,5723
09/03/2023,144,3146,2142,90,4528,4869,5872,4970,5811
07/12/2023,148,5165,5219,6517,729,5387,4656,4537,6413
09/28/2023,146,5969,5924,4817,840,2913,6426,1369,6501
09/11/2023,146,7067,661,6185,625,630,5430,1254,5607
07/23/2023,150,74,5309,147,7058,2167,2621,4279,5586
09/25/2023,144,4888,6407,6856,3279,2816,250,5128,2980
07/03/2023,141,453,411,4826,7053,3032,6330,5426,5676
09/19/2023,150,6064,744,589,3273,4893,1195,3896,6432
08/28/2023,142,6874,421,3776,2280,5031,3784,4459,1872
09/06/2023,148,3645,2083,2797,2530,2555,7159,6590,789
06/28/2023,145,2011,3659,3592,2464,2687,5052,4079,410
08/20/2023,146,7031,425,7150,6479,7104,2428,6410,2329
07/27/2023,144,85,2797,3847,4773,2287,3157,1874,5957
06/28/2023,150,950,6507,3465,7170,3475,738,856,395
08/01/2023,147,3295,1564,558,6030,6970,2612,6360,7096
07/22/2023,150,353,5738,284,2440,4660,139,213,6719
08/19/2023,143,492,3931,2192,4179,4257,3954,160,3408
08/25/2023,145,4902,5129,6184,4587,839,4825,2069,82
09/22/2023,145,3655,4679,3853,3878,2597,3921,5675,3424
07/11/2023,144,4758,5286,2040,5091,2824,3077,2904,753
07/29/2023,149,6287,509,2795,2975,5034,5748,202,4082
07/04/2023,146,6986,1357,4472,5852,1164,583,3641,3141
07/21/2023,142,2687,4946,6264,3684,3025,1918,3815,4505
07/15/2023,141,7154,731,6575,1382,1600,6074,228,4657
08/24/2023,141,4856,4397,2320,6675,6434,2350,4760,5051
09/24/2023,142,4463,4402,628,2677,173,1984,6589,1827
06/30/2023,149,6395,5595,90,587,6560,5031,183,4888
09/02/2023,148,6985,6054,4761,5194,3291,3910,3736,1776
07/07/2023,141,6992,1442,6123,2108,1566,6739,2211,6449
09/06/2023,145,1547,583,155,820,3067,4457,2070,2376
08/21/2023,142,1714,3770,5807,4317,6874,3603,542,3182
09/13/2023,146,4679,2110,3295,4372,4985,4775,1116,2196
08/29/2023,145,6543,1304,140,5553,1794,4346,4289,5914
07/20/2023,149,860,2856,1608,2887,6382,1419,2505,2507
09/01/2023,142,5526,1115,6566,6784,2278,4287,2851,3107
09/01/2023,144,3981,1833,2380,3991,6431,5853,1600,3416
07/22/2023,144,6953,6666,4139,5741,2363,5551,877,5124
09/17/2023,144,771,1107,793,5533,1775,2474,5080,6661
07/01/2023,144,3136,668,3101,5519,3377,482,3465,6742
06/29/2023,150,5309,2672,1338,6423,783,2389,6228,2944
07/01/2023,147,2387,7023,5786,7007,6698,3615,4270,3925
09/09/2023,147,1861,4660,6320,5032,3048,6818,6836,4976
08/24/2023,150,6632,2629,6259,487,719,6937,3064,5243
09/13/2023,149,6871,1171,5166,1431,6736,2453,1736,196
09/15/2023,144,7020,2021,2820,577,5902,1685,4184,4439
09/27/2023,140,4306,347,5541,238,112,1975,6201,1852
06/28/2023,150,4470,561,425,4962,6363,318,4699,4858
08/11/2023,148,3525,3362,3275,4649,6741,2144,7010,6595
07/11/2023,145,1920,2870,6926,2979,5315,1646,6547,2005
07/24/2023,149,3821,3654,205,6649,1822,4403,6698,3752
09/24/2023,141,451,6170,96,1084,3356,6792,6513,6585
08/18/2023,140,816,4860,2243,189,844,1467,4980,2323
07/14/2023,141,3761,3095,1413,1533,3186,1007,920,4134
09/09/2023,142,3577,6056,3493,7144,6453,742,6446,2617
08/23/2023,140,4597,2499,1773,1959,5725,3378,4746,2878
07/12/2023,146,305,3824,6518,3070,5560,6421,6490,1756
09/14/2023,145,6537,5457,4490,258,983,1519,4423,109
09/11/2023,146,3833,212,4089,6500,5303,5873,5732,6900
08/03/2023,140,6086,2206,2185,509,2485,6235,6980,2347
07/13/2023,147,2933,1054,4041,5610,4315,5691,3629,5852
08/05/2023,145,2026,4213,5186,5400,2855,5636,4014,1678
07/25/2023,150,3650,6483,5018,522,6628,1257,5173,1968
09/13/2023,145,4628,6046,3508,992,2520,6607,4221,3387
07/11/2023,147,239,239,4080,1307,1581,6672,2442,7157
08/10/2023,147,6141,6078,3490,3322,1958,663,6967,6686
09/10/2023,146,6771,4912,3046,6129,4002,2373,4232,1065
08/04/2023,147,3070,6311,2788,5684,6465,4936,4945,5457
08/01/2023,143,2057,2993,303,1213,4533,4841,2783,6267
08/04/2023,149,2398,4662,3238,3923,1818,4694,2399,2060
07/20/2023,147,4324,4963,881,2283,5507,1309,3248,5457
09/24/2023,146,6649,931,1822,4786,825,1222,5933,2974
08/11/2023,140,3065,972,5081,6228,758,1784,3819,2047
08/09/2023,140,1992,2452,6929,1908,1328,3578,1534,2435
08/12/2023,149,3135,2195,759,3178,246,1113,803,6846
07/02/2023,141,2149,2788,4619,1321,1040,1920,3275,2808
07/16/2023,146,3350,543,1625,3269,921,3037,749,2966
08/30/2023,147,1606,1050,5942,6653,3669,6357,824,1853
09/09/2023,148,2361,3762,756,5578,3570,6336,3613,6285
09/04/2023,140,6494,637,4457,2341,796,5907,6329,5502
06/29/2023,148,2078,1573,5483,664,5921,1131,2790,274
07/10/2023,144,4234,6802,1191,901,3314,3235,4805,6895
07/21/2023,144,5840,2411,1392,2264,2586,2598,6225,1018
09/15/2023,142,1166,984,3952,6951,4230,3928,103,4392
09/29/2023,148,448,4065,3718,4485,6642,2521,6861,685
09/16/2023,148,1139,4294,2305,481,4626,995,6887,4895
08/09/2023,145,2859,1918,1098,4769,2833,6140,3672,6829
08/10/2023,141,2368,5189,5036,4547,1485,1947,3282,5338
08/21/2023,144,876,1896,5884,4844,6985,301,5498,6459
08/27/2023,143,5179,3813,257,659,4688,2157,5819,5994
07/13/2023,141,5982,5247,6995,1175,6235,1265,2421,551
07/20/2023,149,4693,5061,78,1677,5333,458,5380,6918
09/29/2023,150,6384,2267,1363,5008,6384,6640,2789,4078
07/28/2023,143,861,1190,1046,1231,3767,6497,2820,6165
07/16/2023,148,2069,1640,4681,7081,4184,6595,5446,2003
09/26/2023,150,6506,5588,3332,228,4559,4683,6891,1781
08/19/2023,141,1812,1879,5340,6139,3273,7135,1551,1723
06/30/2023,140,3275,90,4710,2693,5602,6710,5264,6380
09/09/2023,148,6906,5390,1374,3862,548,1706,1144,7147
07/14/2023,140,1282,4391,2871,2606,1279,661,1435,4557
09/17/2023,145,3153,2619,7004,391,3378,5391,2908,6419
09/18/2023,147,2643,5206,4489,77,1176,5489,956,2206
08/08/2023,142,2956,356,4064,4768,3199,4791,1501,149
09/11/2023,145,5458,1276,1108,3649,5060,96,3592,3655
06/28/2023,149,1695,2553,7075,4142,5515,3391,339,898
08/30/2023,145,1905,2065,1658,2370,3347,597,1186,6611
08/09/2023,141,1455,708,1643,2277,191,4828,115,5352
08/19/2023,145,4733,5273,2716,5308,3069,2393,4701,4495
08/09/2023,140,6559,2319,4517,6415,5931,6995,2846,5117
08/11/2023,149,2740,2961,2166,3674,1514,5010,4407,177
07/06/2023,146,1713,2735,1321,5556,5311,4805,4239,3247
08/12/2023,144,2238,4562,4871,459,5601,6242,2417,95
07/14/2023,148,3229,2781,6621,944,5682,4023,5534,6866
08/18/2023,143,4695,1514,2508,1752,3028,4141,1117,810
08/29/2023,140,3206,6165,3480,2406,3921,6402,5402,6994
09/22/2023,150,1568,2092,2112,3605,3108,101,3557,6605
08/07/2023,148,2641,5956,2484,3308,2351,4863,3804,576
07/20/2023,150,3618,3216,5638,2147,3528,6796,3737,1387
07/27/2023,147,4315,1600,940,5862,3812,1995,2595,408
08/08/2023,147,3878,3758,5698,541,4864,4173,3024,7100
08/10/2023,141,3063,3460,6182,3220,4577,1238,2923,263
06/27/2023,150,5312,200,3461,1018,1409,3556,3630,3773
07/02/2023,140,2127,268,455,615,4757,1657,6785,6620
08/09/2023,150,342,6716,5353,6288,3449,2751,2259,1246
08/18/2023,145,1347,2573,3710,1431,4660,1451,580,6757
09/17/2023,147,1812,1249,251,2233,152,4057,6025,6668
08/07/2023,140,6959,1335,2004,2394,5328,329,5125,4974
09/12/2023,150,6300,1237,4308,3616,6251,1637,6790,6830
07/06/2023,146,3793,2101,6380,5657,737,3238,6399,3454
08/17/2023,148,5433,377,3257,933,1152,5630,6921,1978
07/26/2023,143,1967,7025,4745,2605,5701,2832,6800,1325
08/19/2023,146,1081,5158,5350,6088,6319,6448,2844,1310
07/06/2023,140,2450,6361,686,4420,6496,3147,4895,6056
06/29/2023,143,4471,985,7117,927,5851,6871,4133,7129
07/01/2023,145,2418,6440,4566,6025,1051,2914,2820,6521
07/27/2023,147,2827,5729,6720,1417,6283,3350,3155,6245
09/08/2023,145,894,5554,4916,6421,6314,5605,2236,1073
07/07/2023,150,5353,363,4793,859,7072,1009,2912,5820
08/12/2023,147,1799,3584,2482,6496,3163,4977,894,3525
07/11/2023,149,657,7114,6340,198,3495,6400,3094,142
09/07/2023,141,5128,6875,4222,2994,1609,6246,6868,3798
06/29/2023,143,1687,5005,5225,3430,5826,2716,6346,3574
08/16/2023,146,4824,2418,4215,3660,7029,7019,6090,4150
08/14/2023,149,752,5708,2054,6780,6330,1946,657,7015
08/27/2023,148,5565,4481,1681,7169,3507,4519,5272,4033
08/10/2023,143,2819,4853,4614,4369,6946,6293,6059,2128
07/28/2023,148,892,5032,5843,4091,6171,890,4159,3762
07/09/2023,143,3645,3251,6832,3757,63,4989,783,6520
07/27/2023,146,2518,1775,4438,1271,6079,1076,5879,5500
09/07/2023,147,6820,4136,7080,845,360,290,5013,5061
07/17/2023,142,4093,3746,3634,3448,5387,255,2298,3985
07/15/2023,141,6449,2132,5845,522,5874,5921,2340,397
09/12/2023,144,6563,5244,5762,5822,269,1930,2438,5971
09/23/2023,144,6906,767,1305,5695,156,1300,1102,6011
09/07/2023,143,5664,2643,7121,3831,4272,6339,3120,3458
09/01/2023,142,5669,3212,1999,6650,3620,4248,5386,1257
08/06/2023,147,1694,1359,2617,4947,6417,3453,2582,1675
06/29/2023,146,4387,2970,4525,4256,6806,1745,6483,6895
06/28/2023,148,4665,3551,2068,5387,6334,1898,715,491
08/20/2023,142,225,1817,7180,1987,790,3659,6857,3252
07/01/2023,149,3151,5891,3859,1157,107,5040,4824,6188
08/15/2023,145,2196,5610,5887,1483,5357,1610,1356,79
09/09/2023,147,481,6152,6963,4516,6041,5364,5321,2019
09/04/2023,140,3228,1253,2303,3703,4386,5388,519,2507
09/18/2023,141,6831,6516,5850,2593,4049,5233,260,5411
09/08/2023,148,3607,7132,4323,5111,4093,2301,6123,3214
08/11/2023,141,4660,2029,3286,161,5922,2208,429,6933
08/17/2023,150,3173,2974,7096,3447,6515,2372,629,4130
08/25/2023,150,5392,5569,2222,6123,3553,5096,1955,3700
09/23/2023,149,6361,2355,6745,5591,5752,1687,1769,216
06/30/2023,141,4417,5293,1793,3710,5222,3492,1582,7116
06/29/2023,149,4741,2984,694,5979,7176,998,1678,5393
08/28/2023,147,2724,1945,747,5376,799,1790,6762,6952
09/17/2023,143,5927,5858,6046,3920,2922,200,291,1085
09/27/2023,143,866,3962,2278,6253,5493,6203,5394,5185
07/13/2023,147,1758,5967,773,5392,6096,3372,1930,5723
07/25/2023,144,5468,2838,3754,3775,3096,6934,3917,4941
07/29/2023,145,4606,553,3035,2390,1819,4331,6770,5827
08/02/2023,148,4032,4752,4800,6513,4072,2726,2878,2157
08/30/2023,140,407,668,1538,508,6664,4392,6986,5163
08/25/2023,143,5546,3645,6121,1354,3531,6632,6146,6577
08/22/2023,146,5334,3527,6251,2821,1878,7045,2418,1145
09/21/2023,149,3896,5890,2186,1244,3695,4460,905,3406
08/25/2023,148,1968,5174,5895,2608,5694,6778,620,4981
09/05/2023,150,5390,6942,6969,4121,804,2084,2104,6164
07/06/2023,140,2788,1233,1370,398,6836,1401,5677,3429
09/24/2023,144,2526,4638,6612,4359,7018,3257,5334,2059
07/02/2023,147,4976,4588,6584,1294,5384,5145,2073,6749
07/04/2023,144,4987,6876,6661,2583,3123,6518,1945,3480
07/21/2023,142,6432,1957,3076,4417,5492,4772,5718,1366
08/27/2023,150,6140,3240,2611,5387,5651,2360,7116,2725
07/02/2023,141,627,3572,1702,2522,4204,3402,1922,440
07/09/2023,141,1139,6791,62,5838,3148,2242,1851,3521
07/03/2023,144,2684,7195,4896,5389,1907,5789,5814,6970
07/13/2023,140,215,3412,6434,3319,3929,1550,2736,6704
08/13/2023,144,4983,4156,2041,1034,3135,3479,1439,1916
07/18/2023,150,3092,5358,2803,3522,5993,5048,3271,7078
07/08/2023,141,4701,1763,5856,455,2180,1742,1868,2517
09/03/2023,146,4714,5667,3062,3563,5401,280,5432,7028
08/25/2023,145,7062,7095,4676,1775,3328,5498,5331,830
07/20/2023,150,6843,5784,3264,253,1154,4316,3095,1892
09/05/2023,145,5507,6960,6626,786,5243,900,3351,5090
09/10/2023,148,1041,4865,6860,1201,940,809,3766,2515
07/23/2023,149,4494,971,6603,3415,5677,5319,3660,4950
08/06/2023,141,6719,6952,3346,3039,3102,4725,5336,5951
07/28/2023,148,1433,991,4727,6436,5173,586,3940,3096
09/17/2023,142,3805,6026,292,2687,4158,2146,5466,4493
08/06/2023,141,5612,3763,4039,2220,1546,3168,1458,2469
08/22/2023,148,3166,5416,1384,3955,2361,6071,327,5224
08/06/2023,146,3821,3741,125,3860,7099,229,4976,5203
07/10/2023,144,3952,308,5869,606,6656,3493,1522,712
09/08/2023,142,219,1393,3353,3257,2545,4541,4052,3497
07/22/2023,142,6122,1672,567,4674,5587,3386,4643,4738
08/31/2023,146,6054,2325,5091,4688,2583,4758,6694,5331
08/29/2023,146,2800,1148,3856,6658,4553,1680,3260,4915
06/26/2023,143,6482,4368,5769,5740,2623,4500,6222,6097
09/05/2023,140,7018,5121,5863,3882,5105,2409,3962,5683
09/10/2023,144,4191,2508,5539,4745,2836,6912,2870,4941
07/19/2023,142,3436,5346,3474,3095,6774,4080,6247,6612
09/29/2023,150,6985,3005,2262,5150,5940,823,3381,6700
09/06/2023,146,6429,6267,4446,2829,4194,1696,276,2890
06/30/2023,144,4154,6278,3477,1674,4886,6304,1180,6313
06/28/2023,140,6302,5874,2245,2189,1821,3501,5257,6117
07/03/2023,148,5469,4090,7115,746,451,649,7188,4032
08/30/2023,140,2323,2268,583,6443,1137,4512,6070,1593
09/03/2023,150,992,5666,5554,6271,4290,756,6124,4314
09/11/2023,148,1854,4129,5375,475,322,3020,6283,4941
07/19/2023,148,3259,6212,727,2525,2235,1631,4172,1965
08/01/2023,150,974,2217,2223,5592,1727,2898,2823,5117
08/21/2023,140,156,412,6582,6644,399,951,5870,3581
08/27/2023,145,1922,5648,2968,574,5145,7175,2879,1811
09/19/2023,150,5998,6763,5765,1494,1280,1801,2733,6848
07/01/2023,146,2241,2645,6736,3780,6282,5392,5586,729
08/13/2023,146,7034,6721,7161,7137,3104,4521,3078,545
07/11/2023,145,4643,898,3237,3844,2953,1198,603,5263
09/05/2023,148,1256,4259,7154,330,3321,663,587,1638
09/07/2023,148,4225,3754,3923,6265,4468,4153,4684,4534
07/10/2023,141,972,1639,3175,6223,4359,2635,2365,493
07/31/2023,148,4181,7060,2899,5954,4242,1864,7098,4431
09/03/2023,144,2891,5969,2303,6017,1509,231,4862,7070
07/21/2023,143,336,6753,803,141,963,5787,2749,3933
09/14/2023,148,1380,1440,3627,5776,4039,281,5852,1768
09/09/2023,140,4845,1821,4308,2889,957,6459,6877,3130
08/13/2023,150,4128,936,2654,2135,1756,1599,3278,4826
08/29/2023,141,4539,5784,6180,3953,3122,3628,5123,214
09/10/2023,141,5660,5065,6948,6661,1158,2316,6910,540
09/05/2023,149,3483,4974,3417,2454,1305,1400,3152,6054
09/28/2023,149,3010,2157,5363,719,3076,6410,2294,92
08/01/2023,142,1272,2236,499,3975,4237,4439,5941,1726
07/29/2023,145,4344,1409,6110,6193,1083,3790,1527,6360
07/14/2023,146,2539,2999,5525,1494,7127,1028,3209,419
07/07/2023,146,1317,6520,4021,970,5272,2395,856,3759
08/08/2023,149,2320,6259,4264,6267,1137,6892,3093,1878
09/03/2023,145,3441,5240,1799,4332,5031,2427,216,3636
06/26/2023,143,1079,3864,1893,5969,5413,1514,3500,74
08/29/2023,149,3332,3534,869,867,5823,254,3460,3766
08/02/2023,141,3669,1102,3039,7026,5122,860,5910,2411
07/14/2023,145,1435,786,1391,5369,2100,2649,1474,2184
07/03/2023,144,4174,3690,425,297,7072,6772,1119,3940
07/06/2023,143,2522,84,885,1533,5202,5395,5278,5459
06/29/2023,142,5989,1409,5214,1292,5938,4183,2723,4221
07/31/2023,147,1792,2722,6397,263,231,2923,1715,224
09/09/2023,146,6359,5296,6974,2892,3842,7075,6969,1318
09/24/2023,147,4407,3583,7013,1809,5304,4637,1082,3752
08/11/2023,150,1666,2985,2031,6449,2597,5020,5288,2228
07/31/2023,141,6523,991,5028,3249,4756,429,3839,1384
07/20/2023,148,7119,2224,357,1546,4649,1862,526,4396
08/14/2023,150,3401,954,3851,2837,5387,3263,6175,2755
07/23/2023,145,2251,5480,3976,4390,622,4009,3802,2173
08/31/2023,144,1752,4325,6338,1671,5105,496,717,6693
07/19/2023,144,3830,1278,2038,4799,2969,5516,3373,1396
09/07/2023,142,2993,7128,416,5959,2296,3401,3733,2183
08/08/2023,142,2106,3584,2050,2494,1274,3852,5798,147
07/04/2023,150,96,741,2668,5285,1977,2434,6823,828
09/24/2023,148,4429,6815,1998,3219,5573,4706,5080,4676
09/04/2023,149,688,126,4085,1868,4884,6330,4815,741
09/02/2023,142,5840,3716,6052,7035,3768,6316,3230,5137
09/21/2023,147,5039,5832,6418,5326,4808,574,621,1959
07/16/2023,142,6656,93,2890,451,6244,6155,472,6412
08/11/2023,147,181,2148,3275,2325,1272,518,3214,4768
09/06/2023,147,2822,3236,2931,627,2657,5563,4389,5925
07/25/2023,140,6045,3721,2300,5326,5346,6559,1018,6493
07/10/2023,140,6683,6144,3372,6545,4920,5905,687,3787
07/25/2023,145,2032,4162,4873,6195,5514,5206,4535,6296
08/21/2023,140,2281,6796,389,444,798,5803,5837,6931
07/14/2023,148,6877,4526,6840,7087,2530,6760,3008,2963
08/13/2023,143,4261,2395,2816,4713,2651,1142,5118,6807
09/20/2023,144,4661,107,5392,1744,67,7146,3171,7088
08/20/2023,143,6975,2368,4375,3703,4337,236,6126,6672
08/04/2023,148,1113,3018,1492,4199,5640,641,3866,6699
09/06/2023,150,4866,7185,3857,283,7059,1398,3732,4657
08/10/2023,145,6790,3792,3774,6161,5149,1252,5768,5487
07/08/2023,146,5839,698,511,3779,5695,4799,4772,4734
08/10/2023,148,5797,2095,5230,141,1846,2967,2793,6755
06/26/2023,142,6211,4023,4755,6318,1611,4723,677,6690
07/29/2023,150,4796,5794,773,5070,2541,657,6454,4998
07/21/2023,140,3317,1302,1939,4055,5743,5049,4066,5221
09/05/2023,148,3152,2629,4472,6981,3615,960,3522,5852
06/28/2023,146,4007,6924,6968,5742,3647,4508,3302,2226
09/20/2023,143,7139,4901,2029,3426,6741,2751,3023,4718
07/05/2023,149,1999,3259,2083,3544,4161,2241,405,2336
09/04/2023,141,2622,4300,5112,1324,5089,3628,4290,7074
07/11/2023,150,2237,6195,6305,6947,4187,321,137,5964
07/22/2023,148,1730,727,2500,7004,1021,6222,6276,5484
09/06/2023,143,1391,1144,6762,2111,1786,226,4934,3790
07/14/2023,147,3711,2877,3554,6333,2829,5359,3199,71
09/05/2023,147,2878,534,3860,2925,4264,3369,5973,1000
09/13/2023,144,5562,1111,6321,5558,6289,3976,4148,2747
09/02/2023,143,1492,2166,4873,4012,2946,2253,2724,5426
07/14/2023,149,2930,3672,6238,949,5200,5433,1098,2155
07/28/2023,146,4669,6324,2160,2035,6383,2756,7076,586
09/03/2023,149,2632,2740,4787,5224,3980,2887,4701,1888
09/02/2023,147,6621,3980,891,7060,5942,490,3920,1529
09/03/2023,145,1471,2353,6191,2339,3123,1323,1773,4881
08/14/2023,150,6732,1118,1346,4111,2390,3125,2245,964
09/12/2023,146,1088,7150,2210,5403,6321,6902,1173,2445
08/03/2023,146,3825,1183,5333,5611,7152,4595,1397,2455
08/27/2023,144,2258,5429,6465,5143,751,6797,6647,5353
09/24/2023,143,2427,1945,7024,6419,5309,4572,2557,2243
07/14/2023,142,518,939,5464,3482,1640,1107,5469,4594
09/02/2023,150,3847,3454,7099,255,4219,1410,3482,1336
09/11/2023,142,1183,6599,3543,2696,5594,615,3872,1360
08/03/2023,149,732,6915,132,3196,624,7065,5929,2209
08/13/2023,147,4848,5531,2219,6560,183,6615,1787,3536
09/20/2023,140,4527,2918,4974,3226,1357,3578,5671,4548
09/02/2023,145,6739,1206,6006,5008,5193,5043,6083,6749
09/20/2023,145,1128,7016,7130,4174,4993,6972,3816,1613
09/25/2023,141,4425,4705,3513,1191,7183,5534,6310,5612
07/17/2023,143,1015,4133,6946,4645,6804,6079,4749,243
09/03/2023,147,2037,4274,4171,6371,2350,747,6747,3361
07/01/2023,145,1711,830,5816,6480,878,5717,4907,5574
08/09/2023,144,5619,5013,5685,7068,491,6346,2209,4514
08/15/2023,148,3825,6624,5839,2533,4016,2034,6899,1837
08/13/2023,143,6596,6438,1148,6900,176,4666,5929,2962
08/12/2023,149,5601,460,627,4035,3893,6650,4239,4046
09/15/2023,141,1145,6272,4986,2411,6280,6357,6296,2708
08/09/2023,147,5219,1094,1700,150,4394,2972,3411,4253
08/27/2023,149,2762,5588,3593,4199,389,880,127,3947
06/29/2023,142,2027,1885,6222,3499,1338,2897,6430,6453
09/17/2023,147,3265,6323,3501,1656,467,3081,173,3338
07/28/2023,147,5388,1862,7157,4297,4504,6977,2221,3893
08/02/2023,149,434,7032,1970,5209,3902,5298,1374,6966
09/25/2023,145,2300,1896,1481,7108,6693,2821,822,1355
06/27/2023,143,1263,4223,6687,857,1389,3797,84,1460
08/29/2023,150,6633,2626,4358,6523,6343,3981,5732,5594
08/17/2023,147,5654,3627,1224,531,699,2985,4973,6278
07/10/2023,148,6705,2979,4774,6595,6669,2963,1627,4318
06/27/2023,141,6090,7022,2768,746,3983,705,1730,2305
09/11/2023,145,5542,3309,4314,5009,3325,5556,5371,596
07/25/2023,148,5893,5199,2800,6885,2153,1370,902,4563
09/16/2023,146,2521,2643,2120,4022,5289,1020,1910,674
09/05/2023,143,6023,1179,5930,2041,3197,6841,2979,5099
08/27/2023,149,5017,5179,1481,6389,1319,4087,3427,3118
07/29/2023,142,4187,1586,3958,1273,6188,6200,5291,1830
09/07/2023,146,4135,6894,4503,3337,884,6521,1050,4173
08/19/2023,142,6614,3038,5745,7070,2438,2907,5791,1707
09/08/2023,148,6164,4126,6328,1429,6272,3410,6871,5240
09/27/2023,149,313,3086,5153,2891,6180,2698,3149,4651
09/23/2023,147,477,397,4024,2258,5262,6838,4687,4040
08/01/2023,145,4816,6255,6879,3713,5776,543,2073,423
07/09/2023,141,1252,4523,992,3724,6603,6032,2128,4903
09/10/2023,147,4571,1973,3084,1483,5503,1253,1482,321
07/04/2023,147,2076,3866,5270,4719,5368,82,1721,4812
07/30/2023,147,2498,2001,4728,1871,1403,417,2393,3566
07/05/2023,148,6445,4444,5207,5646,2108,5790,816,345
08/26/2023,145,221,2191,2078,4637,2944,4148,5604,2484
08/24/2023,141,6672,6623,663,1678,580,1539,5225,4547
07/07/2023,142,5522,230,3888,2413,4456,3430,2312,3335
08/13/2023,147,753,3874,4839,4653,678,6721,2327,4020
09/07/2023,144,3046,4593,658,5624,7167,762,3817,4408
07/27/2023,142,779,2884,5601,1388,3406,7107,1126,6122
07/26/2023,143,108,6265,2962,4281,2351,274,2245,235
08/27/2023,140,7018,6565,5472,5308,4886,2470,6576,5967
08/10/2023,146,1483,2450,376,5522,6604,242,3671,6297
08/13/2023,148,2898,4477,5510,3203,4526,7058,2475,5081
07/19/2023,145,3480,965,3521,6355,3901,3349,2451,2583
07/04/2023,149,2788,2359,6597,221,1850,2602,3688,1759
08/19/2023,144,6606,2337,3647,6912,6994,5113,5178,6100
07/18/2023,141,2437,4793,4109,4527,2394,4638,1346,3515
09/17/2023,145,5687,4520,5140,2295,5844,6345,4500,2291
08/20/2023,146,4650,2377,4568,1970,2234,1444,394,5485
07/21/2023,141,796,1148,6142,5660,5035,2799,4859,2570
09/21/2023,146,6563,166,6995,6554,5228,1151,2976,5095
06/26/2023,142,3567,3851,6656,2265,2478,5711,3770,5266
09/03/2023,143,4376,4508,2485,3778,5275,4925,5879,5327
08/15/2023,149,2682,1075,4106,4629,6403,3199,6961,3149
09/29/2023,141,1252,3680,4967,5161,4312,6403,6898,5011
09/26/2023,148,1026,5575,6571,3860,3116,5202,3127,6957
07/17/2023,150,336,391,3909,552,1788,1850,1979,5550
07/02/2023,143,5668,4612,4674,4686,2549,5902,4251,60
08/12/2023,142,5729,2340,5988,1440,1705,6534,550,3813
07/08/2023,150,1522,6663,3485,5918,4745,2734,5643,155
09/14/2023,140,4038,5621,4961,5275,1938,5764,2598,6503
09/03/2023,148,6540,802,544,1670,3890,373,5338,6736
09/16/2023,149,4421,5819,5525,6084,4156,5669,1635,2867
07/14/2023,148,4523,4618,5416,4848,5204,61,5800,1412
09/02/2023,147,6091,7049,1985,2028,1162,632,2083,3230
08/01/2023,145,1556,4695,1933,2507,1616,1538,2100,4948
09/25/2023,140,6846,4382,3430,3788,5835,1531,4380,5097
07/28/2023,150,135,1783,496,5191,5812,981,525,2724
09/21/2023,144,4054,3907,3741,1243,1286,7102,1208,1274
08/29/2023,147,3916,3893,3303,2014,6966,3563,1217,4237
09/09/2023,147,268,2471,2240,3795,3982,3606,743,6877
07/03/2023,145,6659,634,6056,6885,3884,6136,5622,1628
09/27/2023,149,7152,7060,5182,3829,4640,2182,4290,6414
09/21/2023,145,4459,6577,4304,2641,5000,3509,712,1959
08/10/2023,142,6436,1927,1244,5567,6688,3398,799,3616
09/19/2023,145,2475,2604,5578,6515,5168,4917,1910,2504
07/02/2023,143,380,6155,6296,3589,96,6266,3680,2544
08/01/2023,146,5555,478,4090,1806,1046,407,105,6610
07/30/2023,149,289,2006,1300,3747,4359,7137,6748,3418
09/23/2023,145,1515,5216,2013,496,6172,2376,4102,1442
07/22/2023,146,1868,2986,815,7007,3228,785,5638,688
08/24/2023,145,5109,3498,1602,5982,1583,6396,2030,6571
07/11/2023,149,1616,4149,1231,4404,4037,6816,839,2440
07/16/2023,142,3819,4907,5054,4078,4250,614,2909,588
08/29/2023,150,1826,6355,7100,4611,567,4964,5362,3267
08/05/2023,149,1214,5650,1058,513,6271,3844,5176,3073
09/03/2023,144,6232,4579,5091,301,4437,2088,3933,967
07/02/2023,142,6734,5382,7190,1011,5306,1685,6064,5486
08/12/2023,147,6305,5780,1548,6610,5005,3518,2809,6334
09/01/2023,146,1347,2396,2388,974,1825,2122,588,6559
07/03/2023,143,3524,3841,3452,3273,5030,4425,6816,4779
08/14/2023,144,5924,5297,4343,495,1979,3508,979,1492
08/17/2023,146,3042,1982,2842,5322,1830,5734,6837,1580
08/14/2023,148,2658,5297,3662,5828,1434,1133,7059,812
07/20/2023,150,5847,2299,6437,765,2833,4858,1282,7184
07/11/2023,148,5624,543,3497,2977,3970,2299,669,233
07/21/2023,143,2408,2361,6897,5675,3605,5248,3300,1811
06/29/2023,149,714,3559,3426,2012,5929,7125,4641,1425
08/17/2023,147,402,1376,2997,2310,6492,6619,4823,5157
09/29/2023,146,2855,3893,3369,6721,6144,3306,4444,2722
07/21/2023,142,1045,990,4431,3750,2486,4062,3267,680
06/27/2023,146,3019,156,5026,6592,4726,1458,3980,2961
07/15/2023,149,1856,3566,1125,773,1487,4614,279,6020
08/22/2023,140,768,4507,6128,4553,357,5434,6274,315
09/23/2023,150,611,5041,5623,3272,5988,524,3888,5579
08/06/2023,144,144,6894,2117,3622,4059,4424,2725,6576
09/26/2023,144,6732,3872,4134,3875,6974,4472,1654,5821
09/21/2023,145,2630,1238,4490,2092,6503,2438,3134,2350
07/16/2023,144,2319,2408,3126,3096,1595,4276,3786,6876
08/07/2023,144,2078,4982,4479,4510,4194,175,4225,3386
08/27/2023,143,5719,5480,5176,4043,2672,7078,480,278
07/23/2023,150,2644,89,2383,3423,662,2079,776,4485
07/15/2023,147,6320,3572,748,3351,5038,5979,6113,5992
07/17/2023,142,839,2121,2752,4285,172,1285,4241,6149
09/24/2023,145,5580,4172,3060,2398,1992,6971,1519,5406
09/10/2023,141,1302,6084,6375,4287,2583,6515,1351,4352
09/18/2023,141,3141,420,4076,3034,979,2634,6831,4963
07/21/2023,148,4628,232,6798,120,5299,6854,6078,5112
09/15/2023,145,7077,2835,4285,726,4190,6593,4047,1078
07/31/2023,149,2676,5589,1700,5189,6903,237,3826,5500
09/02/2023,140,334,2299,6054,2767,7147,5318,2619,4080
06/26/2023,143,69,6463,6239,3257,4734,3259,6004,4975
08/11/2023,140,1748,1320,6476,5097,6101,7166,492,1474
08/29/2023,142,2864,5980,4572,332,4585,2416,6907,1640
08/10/2023,148,6054,1440,5026,2530,4119,3492,2841,5835
07/31/2023,142,1808,4684,6109,6614,5597,2696,4459,1694
07/28/2023,143,972,6112,3331,4729,1716,3311,4437,3831
09/06/2023,145,5699,1725,1177,438,298,7197,4660,2585
07/17/2023,146,6091,1955,1850,6688,1761,3278,4911,427
07/09/2023,149,6347,328,1366,5781,1036,7071,3500,2920
07/30/2023,144,4728,6576,6344,4029,6141,4665,4027,2190
08/22/2023,147,6960,5120,194,69,6314,473,4085,4991
09/29/2023,142,4845,3530,2013,4310,1158,2236,7089,6006
08/07/2023,150,4695,1269,3817,1242,1739,1735,4273,4881
08/01/2023,149,6578,4372,6535,1857,1225,1903,2614,1237
09/13/2023,143,1405,6694,4936,2566,5198,6254,2480,379
09/26/2023,143,2135,6943,507,599,2759,3070,4042,2919
08/20/2023,149,5495,3341,3522,6152,2673,7035,2802,5783
08/14/2023,149,5725,5489,3667,6648,3014,2785,1887,3336
08/29/2023,146,5295,3431,4729,618,2127,5570,420,6659
08/06/2023,143,1690,6450,4695,4437,655,4682,5065,5529
07/12/2023,148,6809,860,5344,5128,2019,3406,2295,3685
07/09/2023,146,707,678,2982,6858,5901,2044,4493,3488
09/12/2023,144,6244,523,5754,914,3635,5902,3495,3586
09/05/2023,144,3638,5797,4585,5892,3409,4902,1266,320
08/21/2023,141,404,6186,5919,884,4379,708,7174,3007
08/17/2023,142,687,1717,1569,4055,5558,2596,4781,2187
08/24/2023,150,1899,1767,4733,6550,6624,150,7190,6302
07/15/2023,149,1341,5666,1308,4477,3964,3103,6015,3331
09/21/2023,140,5628,3504,1864,2632,2783,6292,1793,278
09/24/2023,150,1308,3163,566,3064,1531,2983,6687,3597
08/25/2023,143,1488,1750,1523,5913,4575,4539,5187,402
08/14/2023,145,4173,3095,2091,6638,2170,901,1330,3498
09/26/2023,141,4935,6941,3686,4192,3991,3785,884,3033
09/23/2023,143,6792,943,687,6731,3691,5750,5944,4992
09/05/2023,145,522,1571,2657,6006,3543,2180,5348,3940
07/24/2023,147,1927,2082,3453,5574,6305,3339,3664,2980
08/02/2023,146,4632,6562,7049,7037,2029,716,674,563
07/23/2023,144,2199,2191,6808,2446,2458,4615,1480,3539
09/04/2023,143,4152,7019,699,7147,2029,329,5939,4247
07/31/2023,148,1231,5869,5038,4605,3865,6301,3424,7084
08/21/2023,144,4371,5319,4804,3489,2318,4647,1092,4083
08/15/2023,143,5213,947,623,4540,4784,1681,816,901
08/16/2023,141,3959,6006,6502,152,1534,3420,1246,750
07/27/2023,143,1398,4286,305,4207,3080,2383,2651,329
07/22/2023,150,2888,2870,4272,2715,5059,6983,6146,2965
07/16/2023,143,6161,3672,725,3669,4734,4726,3114,6602
09/09/2023,148,4053,2670,3132,3087,2982,219,1967,1803
08/19/2023,146,1286,740,4804,6884,3837,6929,1254,1624
07/26/2023,146,7158,4457,4809,6951,2573,3154,4976,3646
09/29/2023,145,4180,5691,2824,4429,5853,6901,4827,4338
08/04/2023,147,4010,3642,3339,1516,4355,2884,1361,4205
08/18/2023,141,5786,6485,1360,1145,1099,4302,4376,2721
08/16/2023,146,7173,5705,2860,2635,3270,804,5329,2820
09/29/2023,150,5307,5435,1015,5938,1717,2952,362,5445
08/19/2023,150,5697,1204,6291,3239,3332,1119,2661,1665
09/02/2023,141,877,6126,3717,4422,800,1472,5849,5999
07/14/2023,143,3619,6427,4300,3145,6426,2962,2233,2428
09/17/2023,143,5067,2485,3500,6080,5411,6161,4270,4894
07/29/2023,148,6160,5516,1920,655,5279,6607,3110,5065
08/09/2023,141,1774,1339,5054,2694,3502,1158,731,409
08/17/2023,143,3853,6016,5571,4725,333,4827,1519,6671
09/14/2023,150,5408,805,1786,4831,5103,3280,6941,2780
08/01/2023,148,5652,4126,3231,2528,758,4277,2554,1230
08/05/2023,150,566,4029,4576,5948,1441,7002,1530,4608
08/21/2023,143,2324,5205,5296,4089,405,442,1222,5018
07/20/2023,143,2612,2853,4389,3255,5188,5320,5187,4316
07/22/2023,150,870,4490,6262,6384,4893,2574,4351,4431
09/05/2023,144,2246,4426,6472,5611,2191,2129,549,2628
09/29/2023,149,6385,5558,5531,1978,82,1664,6970,6052
08/23/2023,140,5435,106,1650,5530,5136,5664,775,675
09/15/2023,150,7157,1042,3965,5447,4387,413,6702,1531
07/13/2023,148,4747,4875,5810,1924,2002,6209,2685,5428
07/28/2023,144,78,3066,1596,6067,112,1971,4022,6525
07/27/2023,140,1323,2839,2882,5017,3507,6939,599,5638
08/16/2023,144,6753,4113,3901,2467,6737,1505,6096,2802
09/08/2023,147,6081,3294,6736,832,3311,2928,4852,5464
08/17/2023,140,1710,1542,2562,3906,3739,3603,4440,2756
07/19/2023,150,5594,3990,5420,3930,1372,2155,6561,5085
07/02/2023,141,583,5522,605,1285,1183,5746,7015,3743
07/13/2023,141,1376,5956,5839,6986,3387,2801,3272,2578
09/15/2023,147,1001,5480,362,2303,5781,7065,2179,7152
08/12/2023,144,5533,2294,1305,2256,3247,5040,6334,1765
09/05/2023,146,5929,1773,5410,7035,6134,4663,6850,1886
08/15/2023,141,1028,2913,5259,6850,489,4477,5426,2117
08/27/2023,149,694,4886,1111,4318,361,6156,5842,3554
06/28/2023,143,1299,4294,2529,4597,6462,3177,1318,4119
08/21/2023,148,4500,293,276,5107,1408,3208,356,278
06/29/2023,148,1707,3805,3526,770,5710,2460,6128,6017
08/14/2023,141,5770,5118,66,5674,606,2171,6269,3003
09/21/2023,148,3082,5057,3262,4638,4949,2328,1980,6889
09/23/2023,140,5279,3627,6232,400,1606,4106,5092,1853
08/25/2023,147,576,6724,4054,5512,4326,4377,650,140
08/16/2023,142,2143,6251,6158,6888,248,6369,4960,3723
07/08/2023,149,4057,7198,95,2212,4952,2644,5646,2667
07/04/2023,141,5268,6238,1472,719,5528,2271,1322,4272
08/27/2023,148,1621,3747,3322,6573,1457,7187,2136,7048
09/11/2023,140,5017,2260,1300,5555,6623,3655,3936,1814
07/28/2023,146,206,523,6266,5822,5054,69,4046,5222
08/04/2023,143,132,3834,7023,5906,5145,4649,5923,5477
09/11/2023,142,6212,6995,2440,6971,638,267,6580,6198
07/03/2023,146,763,2592,4176,5556,475,5197,1353,4467
09/11/2023,148,2686,1006,1573,257,5456,5304,5191,114
09/29/2023,150,5994,3864,2052,3341,5890,4902,569,4219
06/30/2023,143,3249,3214,2380,6304,6078,5778,2438,1722
09/25/2023,147,1478,5355,588,4216,2262,1229,5354,1350
08/29/2023,140,1793,89,754,486,658,4171,4770,291
07/28/2023,147,3710,437,1963,6701,1727,4905,858,485
09/18/2023,147,1683,428,3990,5727,2003,3208,6144,6297
08/04/2023,148,5073,4277,1186,4853,6397,3555,5395,1090
09/20/2023,148,4282,6831,3530,5975,4230,2482,3792,1322
09/26/2023,149,3752,3051,2484,3025,3070,3354,6331,1821
07/17/2023,141,3168,4823,2983,686,385,2763,5718,4338
09/03/2023,141,1445,4214,122,1986,6133,5401,2495,6714
08/16/2023,143,4825,5211,4485,7153,1697,1165,2126,739
07/16/2023,147,5766,5400,6792,4288,4638,4583,1223,4628
09/26/2023,146,807,6286,3941,3220,6794,3433,5456,1156
08/01/2023,142,2309,1266,2024,2394,1200,4064,2038,6649
07/23/2023,140,97,6857,3685,6322,119,3866,3153,2091
08/04/2023,147,1671,5410,4453,579,1077,4417,4284,3898
07/28/2023,148,4451,4967,4562,2373,2886,4155,5573,1370
09/29/2023,148,1574,989,1958,888,418,2245,2732,1876
08/31/2023,141,5914,3585,1941,1669,152,4297,918,1685
07/27/2023,149,1235,1367,1888,4574,3582,384,1796,5324
07/15/2023,143,2369,3652,7072,365,4411,7056,5079,1463
09/20/2023,140,3171,4371,2686,7088,4186,3441,606,5092
09/17/2023,150,6311,2833,3088,4985,2664,6778,6240,248
08/04/2023,150,6217,344,3299,3283,7039,1972,1401,2540
09/13/2023,148,5727,3896,3825,6016,3258,1343,3002,3742
09/09/2023,143,6467,1649,341,1892,4259,2446,1578,6373
09/17/2023,146,3840,3835,1664,162,1689,3078,3896,1419
07/03/2023,142,762,4617,425,6387,6583,2669,2807,1801
09/10/2023,144,4124,4088,5844,3505,6293,5992,2141,248
07/21/2023,148,1535,3321,2236,122,3396,3534,3697,1323
08/22/2023,150,1409,1781,5606,913,2566,4321,6956,1791
07/11/2023,149,7184,3651,2910,5525,2745,4036,6832,909
09/08/2023,140,6306,241,6561,850,4881,673,6799,852
09/21/2023,147,3164,5034,392,2188,7138,6958,6186,480
07/24/2023,141,465,4742,4375,1770,3634,2264,856,5582
08/15/2023,141,680,3120,7009,1575,2535,6909,5641,3264
09/06/2023,143,861,469,6371,4132,2510,556,6631,5610
09/13/2023,145,1248,6907,3549,206,6183,3783,4142,2904
07/12/2023,145,5415,3926,4770,670,5957,6384,5459,3432
08/24/2023,144,4174,4006,1955,5907,3693,6453,3513,5330
07/01/2023,142,4085,6799,2984,571,6227,6272,7171,1357
08/16/2023,141,4126,2304,3057,3805,4602,601,1022,147
07/02/2023,142,2329,5275,4987,2282,5071,5097,2899,5788
09/12/2023,150,4980,4773,6266,4355,1035,2260,4708,5219
07/14/2023,144,4850,4247,1738,6042,1749,346,151,5278
09/08/2023,147,2387,3718,3405,5186,2863,3468,4571,1956
07/18/2023,145,238,668,2256,1245,2954,4466,6135,4696
09/01/2023,145,5701,5352,5037,2087,1023,2268,5028,5822
08/19/2023,150,2947,5858,1857,5790,7097,3613,6656,1829
07/09/2023,149,1547,1639,613,6607,5911,3409,5643,3581
09/24/2023,147,1898,2558,4369,4546,1949,2127,5701,4275
07/14/2023,148,5041,6032,6577,3808,2401,6137,3725,5742
07/03/2023,149,6986,5552,5643,2676,2722,3321,4526,696
09/16/2023,144,6441,1742,5384,4976,3529,6262,6662,3907
09/02/2023,144,3882,4421,713,6882,6471,2039,4112,5598
08/30/2023,144,2728,5080,4967,3358,5762,3211,1441,5980
07/13/2023,142,107,4018,875,4097,2922,3630,5807,5623
07/28/2023,140,1027,4948,324,4059,6134,553,3700,2453
07/31/2023,140,5029,5029,2675,4548,6713,2360,4862,6246
09/19/2023,147,5094,6833,2471,1533,2101,267,3631,980
07/03/2023,146,161,148,5704,4432,1477,2798,1055,6749
07/12/2023,141,4746,6011,5224,3277,928,747,4608,1516
07/20/2023,142,3837,2451,468,7099,6223,4896,6568,885
08/16/2023,141,3065,629,902,2870,5550,2254,6322,7056
08/20/2023,144,3925,3422,3991,2404,5944,6371,1713,1297
09/29/2023,150,2972,1883,1873,6810,1260,1254,6277,333
07/22/2023,144,6985,544,5544,702,1546,3223,4704,2396
06/28/2023,149,2605,3960,1225,1134,5395,4744,6732,5877
07/04/2023,149,1129,3810,1737,1603,3622,361,6513,5968
07/06/2023,142,258,6707,7004,2963,6196,6950,3364,6803
07/28/2023,143,2610,1657,6797,3248,6511,1895,3198,1045
08/01/2023,140,2005,5546,245,638,6812,5355,2587,2794
08/11/2023,145,2901,5099,5237,3578,2211,4532,5204,3298
09/14/2023,148,423,1433,1631,4470,3901,3997,3646,7002
09/08/2023,143,3398,801,1962,3982,6213,6863,1895,5674
08/04/2023,149,6890,3587,3841,6782,2340,4759,3217,969
09/05/2023,140,643,1491,1193,4651,1266,3765,4946,4417
08/09/2023,144,1560,2840,7098,6157,6031,4740,3124,434
09/26/2023,143,2401,491,7106,1221,2217,6630,2839,5876
08/10/2023,148,3154,899,2240,3661,2378,2623,2009,2029
08/21/2023,150,3701,6537,622,3860,5503,5445,5655,3647
07/18/2023,142,5031,5919,6701,1203,1110,6232,374,3576
09/05/2023,149,5826,6181,6306,7077,383,4252,1179,2038
07/22/2023,141,6361,6174,213,822,542,149,4434,6096
08/23/2023,149,490,5669,1199,3217,1797,6522,2404,1027
09/25/2023,144,2039,1229,4662,4590,5364,6096,5794,5060
08/22/2023,149,1536,610,1987,6216,3029,3068,3643,6674
07/01/2023,141,6467,6668,5233,2326,6233,3246,1128,4942
08/13/2023,146,2332,186,3415,5508,3096,5881,403,2959
09/04/2023,149,2216,4247,6403,2889,6723,1023,6088,769
08/29/2023,140,1688,6494,5476,4900,3939,5379,3636,6753
07/26/2023,140,5019,600,5408,863,2243,2600,5845,4658
09/05/2023,150,4980,165,4364,1620,2687,5703,6483,6538
06/29/2023,141,5798,4700,3462,554,1482,6397,547,3142
07/21/2023,146,2587,4672,4671,1292,3824,61,1305,6201
06/29/2023,142,2642,6330,1492,772,6482,6900,4212,6297
09/16/2023,142,1781,268,3754,4787,5193,4517,1470,3041
06/30/2023,144,212,6149,5715,6489,5985,2152,5695,1731
06/28/2023,145,4635,4434,740,4779,1102,6240,6912,4783
07/25/2023,146,4144,3865,5953,3893,6785,946,3439,6358
08/15/2023,142,1823,4942,2948,5127,134,7114,5562,2489
08/03/2023,146,3027,4299,4022,4639,5865,3490,6311,1567
08/28/2023,149,4637,1958,2833,5219,1571,4327,1170,1478
08/31/2023,149,2230,4613,4356,4545,4406,6227,6727,6053
07/17/2023,140,4971,6261,3157,1061,98,3182,452,4341
07/13/2023,148,3010,6098,2468,3970,6735,1356,5253,6380
09/02/2023,146,1511,2135,3247,785,6267,3767,2328,6902
07/11/2023,141,5323,3359,4683,5012,5579,3795,303,2189
08/29/2023,143,1745,3828,587,1039,6582,4333,1332,1435
08/07/2023,146,6018,3750,6876,5292,2723,3847,4681,6390
07/03/2023,142,4332,3929,6092,5963,489,1628,1971,5404
08/11/2023,141,6818,6718,1305,2474,7008,5814,2755,6956
07/29/2023,141,6384,1738,6741,2823,4160,6843,1883,2521
09/09/2023,146,398,1101,561,1645,4430,3500,5560,5311
09/12/2023,148,6629,1074,680,1583,3149,1099,3551,1734
07/24/2023,144,5834,910,7109,3639,5908,683,1329,4505
07/04/2023,140,7089,1102,340,2057,962,2436,5330,6334
07/05/2023,149,4768,5669,6318,4146,613,174,3829,3866
08/16/2023,142,4144,471,1434,7096,4943,1658,5622,5386
09/12/2023,144,6187,6345,4819,5619,5670,4662,5649,5076
09/27/2023,145,6553,1232,4577,5579,217,326,1265,2007
09/03/2023,149,6591,5144,3202,5701,5352,6507,3440,1285
08/21/2023,147,534,4606,5786,5121,6257,2956,5349,2021
09/24/2023,149,2301,5542,4307,4514,401,4681,2041,6115
08/09/2023,144,6772,4571,6391,4494,5197,2651,5379,6774
07/18/2023,142,6071,1223,4744,5850,2970,6094,7028,3062
09/18/2023,149,5110,1961,2826,4980,3169,722,5905,3364
09/25/2023,142,443,916,6566,3670,2010,1496,966,68
06/30/2023,140,6893,2741,6441,2161,5055,428,6026,5749
08/18/2023,143,5523,1468,1345,3189,1391,5687,1194,6190
08/02/2023,142,4985,4694,1997,5633,1398,5003,7193,3024
09/25/2023,150,5188,5350,6928,7028,747,5172,6174,2597
09/07/2023,140,5099,1608,2794,5556,4326,1952,4893,2643
07/13/2023,140,119,3237,5968,1789,4578,416,5164,7136
07/12/2023,141,593,1029,3097,3418,2967,3480,6545,2695
07/11/2023,142,2809,5668,5139,5784,4626,1190,1044,3519
09/24/2023,147,3024,3977,2682,2832,2784,3571,78,2504
09/09/2023,140,3044,5996,884,6538,5785,4703,1792,5025
09/24/2023,146,3379,350,1028,751,4607,4907,6593,626
06/30/2023,144,4326,1189,982,963,716,2029,6675,909
